ligand,construct,bottom,top,ec50,hill
azd-0328,pcoda71,200,4626.935789,0.320087238,1.748071218
azd-0328,pcoda102,150.6757647,1942.173474,1.203525138,1.242952809
azd-0328,pcoda153,200,3126.990715,1.557436637,1.222895284
azd-0328,pcoda333,200,2696.248637,0.461421888,1.266852887
azd-0328,pcoda335,200,4003.888725,2.915742082,0.805980755
azd-0328,pcoda339,200,3067.666263,0.308582962,0.837719698
azd-0328,pcoda377,200,3202.348325,0.299879438,2.153927002
